[
  {
    "searchQuery": "cars under 10 lakhs in india",
    "extractedAt": "2025-07-26T19:03:20.554872",
    "full_serp": {
      "search_information": {
        "query_displayed": "cars under 10 lakhs in india",
        "total_results": 57000000,
        "time_taken_displayed": 0.42
      },
      "organic_results": [
        {
          "position": 0,
          "title": "Best Cars Under 10 Lakh in India",
          "snippet": "Page 2 - Best Cars Under 10 Lakh · Top 10 Cars Under 10 Lakh · Renault Triber · Maruti Suzuki Ertiga · Skoda Kylaq · Maruti Suzuki Brezza · Maruti Suzuki Baleno ...",
          "highlighs": [
            "Renault Triber"
          ],
          "link": "https://www.carwale.com/new/best-cars-under-10-lakh/",
          "displayed_link": "https://www.carwale.com › New Cars"
        },
        {
          "position": 1,
          "title": "Best Cars Under 10 Lakh",
          "snippet": "Best Cars Under 10 Lakh ; Maruti Swift · 413 Reviews. Rs.6.49 - 9.64 Lakh ; Tata Nexon · 730 Reviews. Rs.8 - 15.60 Lakh ; Maruti Baleno · 634 Reviews. Rs.6.70 - 9.92 ...",
          "highlighs": [
            "Maruti Swift"
          ],
          "link": "https://www.cardekho.com/new-cars+under-10-lakh",
          "displayed_link": "https://www.cardekho.com › New Cars"
        },
        {
          "position": 7,
          "title": "Best Cars to Buy under 10 lakhs : r/CarsIndia",
          "snippet": "Go for the used market and get a bigger car. S-Cross or Creta for 4.3m SUV. Brezza or WRV for sub-4m SUV.",
          "highlighs": [
            "S-Cross or Creta for 4.3m SUV"
          ],
          "link": "https://www.reddit.com/r/CarsIndia/comments/1jzu6yy/best_cars_to_buy_under_10_lakhs/",
          "displayed_link": "40+ comments  ·  3 months ago"
        },
        {
          "position": 8,
          "title": "Best Cars Under 10 Lakhs",
          "snippet": "The most popular cars under 10 lakhs in India are Maruti Swift (Rs. 6.49 lakh), Maruti Ertiga (Rs. 8.97 lakh), Tata Nexon (Rs. 8.00 lakh) and Maruti FRONX (Rs.",
          "highlighs": [
            "cars under 10 lakhs in India"
          ],
          "link": "https://www.zigwheels.com/newcars/cars-under-10-lakhs",
          "displayed_link": "https://www.zigwheels.com › New Cars"
        },
        {
          "position": 9,
          "title": "Best Cars Under 10 Lakhs in India July 2025 - HT Auto",
          "snippet": "In India, there are 49 cars under 10 lakhs that are featured on HT Auto, with the top picks being the Mahindra Bolero, Mahindra Bolero Neo, Nissan Magnite, ...",
          "highlighs": [
            "Mahindra Bolero"
          ],
          "link": "https://auto.hindustantimes.com/new-cars/cars-under-10-lakhs",
          "displayed_link": "https://auto.hindustantimes.com › New Cars"
        },
        {
          "position": 10,
          "title": "Cars Under 10 Lakh in India",
          "snippet": "Most popular cars under 10 Lakh are Renault Triber, Mahindra XUV 3XO, Maruti Suzuki Brezza, Tata Nexon, Skoda Kylaq and Maruti Suzuki Baleno. These cars ...",
          "highlighs": [
            "Renault Triber"
          ],
          "link": "https://www.cartrade.com/new-cars/by-price/best-cars-under-10-lakh/",
          "displayed_link": "https://www.cartrade.com › New Cars"
        },
        {
          "position": 11,
          "title": "Best Cars under 10 lakhs in India with Price - Jul-2025",
          "snippet": "Hyundai i20, Hyundai Exter, Tata Punch, Hyundai Venue, Tata Nexon and Tata Altroz are the only cars that offer a sunroof within 10 lakh ex-showroom prices.",
          "highlighs": [
            "Hyundai i20, Hyundai Exter, Tata Punch, Hyundai Venue, Tata Nexon and Tata Altroz"
          ],
          "link": "https://ackodrive.com/collection/cars-under-10-lakhs/",
          "displayed_link": "https://ackodrive.com › Cars › Cars under 10 lakhs"
        },
        {
          "position": 18,
          "title": "Which is the best car under 10 lakhs in india?",
          "snippet": "Top 10 Cars Under 10 Lakh ; Toyota Urban Cruiser Hyryder, ₹ 10.00 Lakh ; Mahindra XUV300, ₹ 8.41 Lakh ; Maruti Ertiga, ₹ 8.41 Lakh ; Hyundai ...",
          "highlighs": [
            "Toyota Urban Cruiser Hyryder, ₹ 10.00 Lakh"
          ],
          "link": "https://www.quora.com/Which-is-the-best-car-under-10-lakhs-in-india",
          "displayed_link": "180+ answers  ·  9 years ago"
        }
      ],
      "related_questions": [
        {
          "question": "Which car under 10 lakh is best?",
          "position": 2
        },
        {
          "question": "Which car is best under 10 lakh in Tata?",
          "position": 3
        },
        {
          "question": "Which car is best in 10 to 15 lakhs?",
          "position": 4
        },
        {
          "question": "Which automatic car is best under 10 lakh in India?",
          "position": 5
        }
      ],
      "ai_box": {
        "position": 6,
        "ai_is_loading": false,
        "descriptions": [
          "Several popular and well-regarded cars in India fall under the 10 lakh price bracket, including the Tata Nexon, Mahindra XUV 3XO, Maruti Suzuki Dzire, Maruti Suzuki Swift, Tata Punch, Hyundai i20, and Kia Sonet. These models offer a range of body styles, including hatchbacks, sedans, and SUVs, catering to different preferences and needs.",
          "This video provides a list of top cars under 10 lakh rupees in India for 2025:",
          "Here's a more detailed look at some of the options:",
          "Hatchbacks:"
        ]
      },
      "perspectives": [
        {
          "position": 12,
          "title": "",
          "site_link": "https://www.reddit.com/r/CarsIndia/comments/1lou2yz/suggestion_for_automatic_cars_under_10_lakhs/",
          "author": "r/CarsIndia",
          "source": "Reddit",
          "text": "Top comment · Amaze, Baleno Latest comment · Amaze CVT, Fronx AGS, i20 CVT",
          "time": "3 weeks ago"
        },
        {
          "position": 14,
          "title": "",
          "site_link": "https://www.youtube.com/watch?v=avG4617MqCU",
          "author": "All About cars · YouTube",
          "source": "Automobile information channel",
          "time": "1 month ago"
        },
        {
          "position": 16,
          "title": "",
          "site_link": "https://www.facebook.com/MotorOctane/videos/top-5-cars-in-rs10-lakhs-in-india/716008894715072/",
          "author": "MotorOctane",
          "source": "Facebook",
          "time": "May 30, 2025"
        }
      ],
      "contexts": [
        {
          "position": 13,
          "title": "Suggestion for Automatic Cars under 10 lakhs"
        },
        {
          "position": 15,
          "title": "Best 5 Value for money Automatic cars under 10 lakhs in india 2025"
        }
      ],
      "related_searches": [
        {
          "position": 19,
          "query": "New cars under 10 lakhs in india",
          "link": "https://www.google.com/search?sca_esv=bd8b7c99eeaeb415&hl=en&gl=US&q=New+cars+under+10+lakhs+in+india&sa=X&ved=2ahUKEwiCg5vO0dqOAxXAwvACHWxnB5YQ1QJ6BAheEAE"
        },
        {
          "position": 20,
          "query": "Used cars under 10 lakhs in india",
          "link": "https://www.google.com/search?sca_esv=bd8b7c99eeaeb415&hl=en&gl=US&q=Used+cars+under+10+lakhs+in+india&sa=X&ved=2ahUKEwiCg5vO0dqOAxXAwvACHWxnB5YQ1QJ6BAhfEAE"
        },
        {
          "position": 21,
          "query": "cars under 10 lakhs on-road price",
          "link": "https://www.google.com/search?sca_esv=bd8b7c99eeaeb415&hl=en&gl=US&q=cars+under+10+lakhs+on-road+price&sa=X&ved=2ahUKEwiCg5vO0dqOAxXAwvACHWxnB5YQ1QJ6BAhrEAE"
        },
        {
          "position": 22,
          "query": "Cars between 10 to 15 lakhs",
          "link": "https://www.google.com/search?sca_esv=bd8b7c99eeaeb415&hl=en&gl=US&q=Cars+between+10+to+15+lakhs&sa=X&ved=2ahUKEwiCg5vO0dqOAxXAwvACHWxnB5YQ1QJ6BAhaEAE"
        },
        {
          "position": 23,
          "query": "best cars under 10 lakhs on-road price",
          "link": "https://www.google.com/search?sca_esv=bd8b7c99eeaeb415&hl=en&gl=US&q=best+cars+under+10+lakhs+on-road+price&sa=X&ved=2ahUKEwiCg5vO0dqOAxXAwvACHWxnB5YQ1QJ6BAhqEAE"
        },
        {
          "position": 24,
          "query": "7 seater SUV cars in India below 10 lakhs",
          "link": "https://www.google.com/search?sca_esv=bd8b7c99eeaeb415&hl=en&gl=US&q=7+seater+SUV+cars+in+India+below+10+lakhs&sa=X&ved=2ahUKEwiCg5vO0dqOAxXAwvACHWxnB5YQ1QJ6BAhpEAE"
        },
        {
          "position": 25,
          "query": "Best car under 10 lakhs in India",
          "link": "https://www.google.com/search?sca_esv=bd8b7c99eeaeb415&hl=en&gl=US&q=Best+car+under+10+lakhs+in+India&sa=X&ved=2ahUKEwiCg5vO0dqOAxXAwvACHWxnB5YQ1QJ6BAhcEAE"
        },
        {
          "position": 26,
          "query": "Maruti suzuki cars under 10 lakhs in india",
          "link": "https://www.google.com/search?sca_esv=bd8b7c99eeaeb415&hl=en&gl=US&q=Maruti+suzuki+cars+under+10+lakhs+in+india&sa=X&ved=2ahUKEwiCg5vO0dqOAxXAwvACHWxnB5YQ1QJ6BAhwEAE"
        }
      ],
      "pagination": {
        "pages_count": 10,
        "current_page": 1,
        "next_page_url": "http://api.scraperapi.com/?url=https%3A%2F%2Fwww.google.com%2Fsearch%3Fq%3Dcars%2Bunder%2B10%2Blakhs%2Bin%2Bindia%26sca_esv%3Dbd8b7c99eeaeb415%26hl%3Den%26gl%3DUS%26ei%3DG9mEaMKJCsCFw8cP7M6dsAk%26start%3D10%26sa%3DN%26sstk%3DAc65TH4Oe7fHJ7BvzqeAOfUUAvlos7tSOA3mCxDaGE7RlTZkh1bOmM-F0kS6fg3WKq9KmyBbv1P-5UgvPMbnIl0kwGRT7nO4_kCh2Q%26ved%3D2ahUKEwiCg5vO0dqOAxXAwvACHWxnB5YQ8tMDegQIXRAE&autoparse=true&tld=com",
        "pages": [
          {
            "page": 2,
            "url": "http://api.scraperapi.com/?url=https%3A%2F%2Fwww.google.com%2Fsearch%3Fq%3Dcars%2Bunder%2B10%2Blakhs%2Bin%2Bindia%26sca_esv%3Dbd8b7c99eeaeb415%26hl%3Den%26gl%3DUS%26ei%3DG9mEaMKJCsCFw8cP7M6dsAk%26start%3D10%26sa%3DN%26sstk%3DAc65TH4Oe7fHJ7BvzqeAOfUUAvlos7tSOA3mCxDaGE7RlTZkh1bOmM-F0kS6fg3WKq9KmyBbv1P-5UgvPMbnIl0kwGRT7nO4_kCh2Q%26ved%3D2ahUKEwiCg5vO0dqOAxXAwvACHWxnB5YQ8tMDegQIXRAE&autoparse=true&tld=com"
          },
          {
            "page": 3,
            "url": "http://api.scraperapi.com/?url=https%3A%2F%2Fwww.google.com%2Fsearch%3Fq%3Dcars%2Bunder%2B10%2Blakhs%2Bin%2Bindia%26sca_esv%3Dbd8b7c99eeaeb415%26hl%3Den%26gl%3DUS%26ei%3DG9mEaMKJCsCFw8cP7M6dsAk%26start%3D20%26sa%3DN%26sstk%3DAc65TH4Oe7fHJ7BvzqeAOfUUAvlos7tSOA3mCxDaGE7RlTZkh1bOmM-F0kS6fg3WKq9KmyBbv1P-5UgvPMbnIl0kwGRT7nO4_kCh2Q%26ved%3D2ahUKEwiCg5vO0dqOAxXAwvACHWxnB5YQ8tMDegQIXRAG&autoparse=true&tld=com"
          },
          {
            "page": 4,
            "url": "http://api.scraperapi.com/?url=https%3A%2F%2Fwww.google.com%2Fsearch%3Fq%3Dcars%2Bunder%2B10%2Blakhs%2Bin%2Bindia%26sca_esv%3Dbd8b7c99eeaeb415%26hl%3Den%26gl%3DUS%26ei%3DG9mEaMKJCsCFw8cP7M6dsAk%26start%3D30%26sa%3DN%26sstk%3DAc65TH4Oe7fHJ7BvzqeAOfUUAvlos7tSOA3mCxDaGE7RlTZkh1bOmM-F0kS6fg3WKq9KmyBbv1P-5UgvPMbnIl0kwGRT7nO4_kCh2Q%26ved%3D2ahUKEwiCg5vO0dqOAxXAwvACHWxnB5YQ8tMDegQIXRAI&autoparse=true&tld=com"
          },
          {
            "page": 5,
            "url": "http://api.scraperapi.com/?url=https%3A%2F%2Fwww.google.com%2Fsearch%3Fq%3Dcars%2Bunder%2B10%2Blakhs%2Bin%2Bindia%26sca_esv%3Dbd8b7c99eeaeb415%26hl%3Den%26gl%3DUS%26ei%3DG9mEaMKJCsCFw8cP7M6dsAk%26start%3D40%26sa%3DN%26sstk%3DAc65TH4Oe7fHJ7BvzqeAOfUUAvlos7tSOA3mCxDaGE7RlTZkh1bOmM-F0kS6fg3WKq9KmyBbv1P-5UgvPMbnIl0kwGRT7nO4_kCh2Q%26ved%3D2ahUKEwiCg5vO0dqOAxXAwvACHWxnB5YQ8tMDegQIXRAK&autoparse=true&tld=com"
          },
          {
            "page": 6,
            "url": "http://api.scraperapi.com/?url=https%3A%2F%2Fwww.google.com%2Fsearch%3Fq%3Dcars%2Bunder%2B10%2Blakhs%2Bin%2Bindia%26sca_esv%3Dbd8b7c99eeaeb415%26hl%3Den%26gl%3DUS%26ei%3DG9mEaMKJCsCFw8cP7M6dsAk%26start%3D50%26sa%3DN%26sstk%3DAc65TH4Oe7fHJ7BvzqeAOfUUAvlos7tSOA3mCxDaGE7RlTZkh1bOmM-F0kS6fg3WKq9KmyBbv1P-5UgvPMbnIl0kwGRT7nO4_kCh2Q%26ved%3D2ahUKEwiCg5vO0dqOAxXAwvACHWxnB5YQ8tMDegQIXRAM&autoparse=true&tld=com"
          },
          {
            "page": 7,
            "url": "http://api.scraperapi.com/?url=https%3A%2F%2Fwww.google.com%2Fsearch%3Fq%3Dcars%2Bunder%2B10%2Blakhs%2Bin%2Bindia%26sca_esv%3Dbd8b7c99eeaeb415%26hl%3Den%26gl%3DUS%26ei%3DG9mEaMKJCsCFw8cP7M6dsAk%26start%3D60%26sa%3DN%26sstk%3DAc65TH4Oe7fHJ7BvzqeAOfUUAvlos7tSOA3mCxDaGE7RlTZkh1bOmM-F0kS6fg3WKq9KmyBbv1P-5UgvPMbnIl0kwGRT7nO4_kCh2Q%26ved%3D2ahUKEwiCg5vO0dqOAxXAwvACHWxnB5YQ8tMDegQIXRAO&autoparse=true&tld=com"
          },
          {
            "page": 8,
            "url": "http://api.scraperapi.com/?url=https%3A%2F%2Fwww.google.com%2Fsearch%3Fq%3Dcars%2Bunder%2B10%2Blakhs%2Bin%2Bindia%26sca_esv%3Dbd8b7c99eeaeb415%26hl%3Den%26gl%3DUS%26ei%3DG9mEaMKJCsCFw8cP7M6dsAk%26start%3D70%26sa%3DN%26sstk%3DAc65TH4Oe7fHJ7BvzqeAOfUUAvlos7tSOA3mCxDaGE7RlTZkh1bOmM-F0kS6fg3WKq9KmyBbv1P-5UgvPMbnIl0kwGRT7nO4_kCh2Q%26ved%3D2ahUKEwiCg5vO0dqOAxXAwvACHWxnB5YQ8tMDegQIXRAQ&autoparse=true&tld=com"
          },
          {
            "page": 9,
            "url": "http://api.scraperapi.com/?url=https%3A%2F%2Fwww.google.com%2Fsearch%3Fq%3Dcars%2Bunder%2B10%2Blakhs%2Bin%2Bindia%26sca_esv%3Dbd8b7c99eeaeb415%26hl%3Den%26gl%3DUS%26ei%3DG9mEaMKJCsCFw8cP7M6dsAk%26start%3D80%26sa%3DN%26sstk%3DAc65TH4Oe7fHJ7BvzqeAOfUUAvlos7tSOA3mCxDaGE7RlTZkh1bOmM-F0kS6fg3WKq9KmyBbv1P-5UgvPMbnIl0kwGRT7nO4_kCh2Q%26ved%3D2ahUKEwiCg5vO0dqOAxXAwvACHWxnB5YQ8tMDegQIXRAS&autoparse=true&tld=com"
          },
          {
            "page": 10,
            "url": "http://api.scraperapi.com/?url=https%3A%2F%2Fwww.google.com%2Fsearch%3Fq%3Dcars%2Bunder%2B10%2Blakhs%2Bin%2Bindia%26sca_esv%3Dbd8b7c99eeaeb415%26hl%3Den%26gl%3DUS%26ei%3DG9mEaMKJCsCFw8cP7M6dsAk%26start%3D90%26sa%3DN%26sstk%3DAc65TH4Oe7fHJ7BvzqeAOfUUAvlos7tSOA3mCxDaGE7RlTZkh1bOmM-F0kS6fg3WKq9KmyBbv1P-5UgvPMbnIl0kwGRT7nO4_kCh2Q%26ved%3D2ahUKEwiCg5vO0dqOAxXAwvACHWxnB5YQ8tMDegQIXRAU&autoparse=true&tld=com"
          }
        ]
      }
    },
    "ai_overview": null
  }
]