{
  "metadata": {
    "total_queries": 5,
    "total_results": 50,
    "timestamp": "2025-07-24 14:28:34"
  },
  "search_results": [
    {
      "title": "Hair Accessories | KITSCH: Designer Hair Products Online",
      "link": "https://www.mykitsch.com/collections/hair-accessories",
      "snippet": "Hair Accessories — Worn by your favorite celebrities, KITSCH's range of hair accessories is perfect for all hair types.",
      "htmlSnippet": "<b>Hair Accessories</b> — Worn by your favorite celebrities, <b>KITSCH&#39;s</b> range of <b>hair accessories</b> is perfect for all hair types.",
      "displayLink": "www.mykitsch.com",
      "formattedUrl": "https://www.mykitsch.com/collections/hair-accessories",
      "image": "https://www.mykitsch.com/cdn/shop/files/500447-MediumFlatCloudClip-SeasonalCollection-Cherry-hero-1280x1280px.jpg?v=1752172044&width=700",
      "metadata": {
        "description": "Hair Accessories — Worn by your favorite celebrities, KITSCH's range of hair accessories is perfect for all hair types.",
        "type": "website",
        "site_name": "KITSCH"
      }
    },
    {
      "title": "Kitsch : Hair Accessories : Target",
      "link": "https://www.target.com/c/hair-accessories-care-beauty/kitsch/-/N-56ho4Zq643leatp7e",
      "snippet": "Find hair clips & headbands in styles that spoil for choice. Be it quirky hair clips for little ones or glam pins & clips to go with your dress, Target's range ...",
      "htmlSnippet": "Find <b>hair clips</b> &amp; headbands in styles that spoil for choice. Be it quirky <b>hair clips</b> for little ones or glam pins &amp; clips to go with your dress, Target&#39;s range&nbsp;...",
      "displayLink": "www.target.com",
      "formattedUrl": "https://www.target.com/c/hair-accessories.../kitsch/-/N-56ho4Zq643leatp7e",
      "image": "https://target.scene7.com/is/image/Target/GUEST_22d5cee7-c100-404a-88e9-86b4e4c8ba95",
      "metadata": {
        "description": "Contactless options including Same Day Delivery and Drive Up are available with Target. Shop today to find Hair Accessories at incredible prices.",
        "type": "product.group",
        "site_name": ""
      }
    },
    {
      "title": "KITSCH™ Official Site | Hair Care & Accessories",
      "link": "https://www.mykitsch.com/",
      "snippet": "Hair & Body Care — From hair accessories to bottle-free beauty, KITSCH is evolving your everyday essentials. Female-owned. Vegan & cruelty-free.",
      "htmlSnippet": "Hair &amp; Body Care — From <b>hair accessories</b> to bottle-free beauty, <b>KITSCH</b> is evolving your everyday essentials. Female-owned. Vegan &amp; cruelty-free.",
      "displayLink": "www.mykitsch.com",
      "formattedUrl": "https://www.mykitsch.com/",
      "image": "https://www.mykitsch.com/cdn/shop/files/63832-6745-6752-9852-60602-9487-CreativeProductShoot-Group-1280x1280px.jpg?v=1719418029&width=700",
      "metadata": {
        "description": "Hair & Body Care — From hair accessories to bottle-free beauty, KITSCH is evolving your everyday essentials. Female-owned. Vegan & cruelty-free. 90-day guarantee. Elevated accessories. Eco-friendly. Designed in California.",
        "type": "website",
        "site_name": "KITSCH"
      }
    },
    {
      "title": "Kitsch Metal Hair Clips for Women - Durable ... - Amazon.com",
      "link": "https://www.amazon.com/Kitsch-Metal-Large-Accessory-Inches/dp/B071Z7ZL6R",
      "snippet": "STYLISH METAL CLAW CLIPS: Elevate your look with this sleek and durable metal claw clips, designed for effortless styling. Its polished gold finish adds a ...",
      "htmlSnippet": "STYLISH METAL CLAW <b>CLIPS</b>: Elevate your look with this sleek and durable metal claw <b>clips</b>, designed for effortless styling. Its polished gold finish adds a&nbsp;...",
      "displayLink": "www.amazon.com",
      "formattedUrl": "https://www.amazon.com/Kitsch-Metal-Large-Accessory.../B071Z7ZL6R",
      "image": "https://m.media-amazon.com/images/I/712faiPERtL._UF1000,1000_QL80_.jpg",
      "metadata": {
        "description": "Accessorize your hair do with the Open Shape Claw Clip Gold from Kitsch. Kitsch is a woman-owned, self-financed, worldwide company selling accessories that are top quality and always on trend.",
        "type": "product",
        "site_name": ""
      }
    },
    {
      "title": "Bobby Pins & Hair Clips | KITSCH – tagged \"Hair Accessories: Claw ...",
      "link": "https://www.mykitsch.com/collections/bobby-pins/hair-accessories-claw-clips",
      "snippet": "Bobby Pins & Hair Clips — Worn by your favorite celebrities, KITSCH's range of bobby pins & hair clips are perfect for all hair types.",
      "htmlSnippet": "Bobby Pins &amp; <b>Hair Clips</b> — Worn by your favorite celebrities, <b>KITSCH&#39;s</b> range of bobby pins &amp; <b>hair clips</b> are perfect for all hair types.",
      "displayLink": "www.mykitsch.com",
      "formattedUrl": "https://www.mykitsch.com/collections/bobby.../hair-accessories-claw-clips",
      "image": "https://www.mykitsch.com/cdn/shop/files/65720-HelloKittyxKitsch-RecycledPlasticCreaselessClips-2pc-pkg-300dpi.jpg?v=1717509977&width=700",
      "metadata": {
        "description": "Bobby Pins & Hair Clips — Worn by your favorite celebrities, KITSCH's range of bobby pins & hair clips are perfect for all hair types.",
        "type": "website",
        "site_name": "KITSCH"
      }
    },
    {
      "title": "Kitsch Hair Clips - Amazon.com",
      "link": "https://www.amazon.com/kitsch-hair-clips/s?k=kitsch+hair+clips",
      "snippet": "Stylish flat hair clips for women, strong hold for thick & fine hair. Non-slip for secure, comfortable all-day wear.",
      "htmlSnippet": "Stylish flat <b>hair clips</b> for women, strong hold for thick &amp; fine hair. Non-slip for secure, comfortable all-day wear.",
      "displayLink": "www.amazon.com",
      "formattedUrl": "https://www.amazon.com/kitsch-hair-clips/s?k=kitsch+hair+clips",
      "image": "https://m.media-amazon.com/images/G/01/social_share/amazon_logo._CB635397845_.png",
      "metadata": {
        "description": "",
        "type": "",
        "site_name": ""
      }
    },
    {
      "title": "Bobby Pins & Hair Clips | KITSCH",
      "link": "https://www.mykitsch.com/collections/bobby-pins",
      "snippet": "Bobby Pins & Hair Clips — Worn by your favorite celebrities, KITSCH's range of bobby pins & hair clips are perfect for all hair types.",
      "htmlSnippet": "Bobby Pins &amp; <b>Hair Clips</b> — Worn by your favorite celebrities, <b>KITSCH&#39;s</b> range of bobby pins &amp; <b>hair clips</b> are perfect for all hair types.",
      "displayLink": "www.mykitsch.com",
      "formattedUrl": "https://www.mykitsch.com/collections/bobby-pins",
      "image": "https://www.mykitsch.com/cdn/shop/files/500447-MediumFlatCloudClip-SeasonalCollection-Cherry-hero-1280x1280px.jpg?v=1752172044&width=700",
      "metadata": {
        "description": "Bobby Pins & Hair Clips — Worn by your favorite celebrities, KITSCH's range of bobby pins & hair clips are perfect for all hair types.",
        "type": "website",
        "site_name": "KITSCH"
      }
    },
    {
      "title": "Kitsch Creaseless Hair Clips for Women - No Bend ... - Amazon.com",
      "link": "https://www.amazon.com/Kitsch-Womens-Creaseless-Clips-Terrazzo/dp/B09S1JH53V",
      "snippet": "NO BENDS, NO CREASES: Designed for smooth, crease-free styling, these no bend hair clips securely hold sections of hair in place without tugging or damage.",
      "htmlSnippet": "NO BENDS, NO CREASES: Designed for smooth, crease-free styling, these no bend <b>hair clips</b> securely hold sections of hair in place without tugging or damage.",
      "displayLink": "www.amazon.com",
      "formattedUrl": "https://www.amazon.com/Kitsch-Womens-Creaseless-Clips.../B09S1JH53V",
      "image": "https://m.media-amazon.com/images/I/41be471L7sL.jpg_BO30,255,255,255_UF900,850_SR1910,1000,0,C_PIRIOFOURANDHALF-medium,BottomLeft,30,-20_ZA546,500,900,420,420,AmazonEmber,50,4,0,0_QL100_.jpg",
      "metadata": {
        "description": "Creaseless hair clips are a must-have for anyone looking to hold their hair back while doing makeup or styling their hair. These no crease hair clips, also known as harry josh hair clips or hair clips for makeup application, are designed to gently grip the hair without bending or denting it. They...",
        "type": "product",
        "site_name": ""
      }
    },
    {
      "title": "Hair Accessories | KITSCH: Designer Hair Products Online – tagged ...",
      "link": "https://mykitsch.com/collections/hair-accessories/satin",
      "snippet": "Hair Accessories — Worn by your favorite celebrities, KITSCH's range of hair accessories is perfect for all hair types.",
      "htmlSnippet": "<b>Hair Accessories</b> — Worn by your favorite celebrities, <b>KITSCH&#39;s</b> range of <b>hair accessories</b> is perfect for all hair types.",
      "displayLink": "mykitsch.com",
      "formattedUrl": "https://mykitsch.com/collections/hair-accessories/satin",
      "image": "http://cdn.shopify.com/s/files/1/0104/6904/8384/files/kitsch-1small-2_4a08c64d-7d43-4fa1-b4e9-8dbb35da206b.png?v=1637892165",
      "metadata": {
        "description": "Hair Accessories — Worn by your favorite celebrities, KITSCH's range of hair accessories is perfect for all hair types.",
        "type": "product.group",
        "site_name": "KITSCH"
      }
    },
    {
      "title": "Kitsch Medium Claw Clips for Women - Stylish Hair ... - Amazon.com",
      "link": "https://www.amazon.com/Kitsch-Recycled-Plastic-Medium-Accessories/dp/B09G3HHZ7F",
      "snippet": "Customers find these hair clips well-made and comfortable, with a matte finish that's nice to look at. They work effectively with both fine and thick hair, ...",
      "htmlSnippet": "Customers find these <b>hair clips</b> well-made and comfortable, with a matte finish that&#39;s nice to look at. They work effectively with both fine and thick hair,&nbsp;...",
      "displayLink": "www.amazon.com",
      "formattedUrl": "https://www.amazon.com/Kitsch-Recycled...Accessories/dp/B09G3HHZ7F",
      "image": "https://m.media-amazon.com/images/I/31v9utI-RSL.jpg_BO30,255,255,255_UF900,850_SR1910,1000,0,C_PIRIOFOURANDHALF-medium,BottomLeft,30,-20_ZA726,500,900,420,420,AmazonEmber,50,4,0,0_QL100_.jpg",
      "metadata": {
        "description": "Styling clips are essential for rocking that hairstyle that you have always wanted. Whether you are a kid, girl, teen, woman or a mother, claw clips and jaw clips are part of your daily life. You might wonder, with all the small claw clip in the market, what can possibly stand out from the rest? ...",
        "type": "product",
        "site_name": ""
      }
    },
    {
      "title": "Shop Jewelry at KITSCH - Free Shipping over $35",
      "link": "https://www.mykitsch.com/collections/jewelry",
      "snippet": "Shop the latest jewelry collection from KITSCH and accessorize your outfit with celebrity-loved pieces. Enjoy free shipping on orders over $35.",
      "htmlSnippet": "Shop the latest <b>jewelry</b> collection from <b>KITSCH</b> and accessorize your outfit with celebrity-loved pieces. Enjoy free shipping on orders over $35.",
      "displayLink": "www.mykitsch.com",
      "formattedUrl": "https://www.mykitsch.com/collections/jewelry",
      "image": "https://www.mykitsch.com/cdn/shop/products/1412-KitschPro-essential_bobbyPins-blonde-pkg-2-1280x1280px.jpg?v=1646784017&width=700",
      "metadata": {
        "description": "Shop the latest jewelry collection from KITSCH and accessorize your outfit with celebrity-loved pieces. Enjoy free shipping on orders over $35. Find the perfect accessory for any occasion!",
        "type": "website",
        "site_name": "KITSCH"
      }
    },
    {
      "title": "Kitsch Jewelry - Etsy",
      "link": "https://www.etsy.com/market/kitsch_jewelry",
      "snippet": "Check out our kitsch jewelry selection for the very best in unique or custom, handmade pieces from our figurines & knick knacks shops.",
      "htmlSnippet": "Check out our <b>kitsch jewelry</b> selection for the very best in unique or custom, handmade pieces from our figurines &amp; knick knacks shops.",
      "displayLink": "www.etsy.com",
      "formattedUrl": "https://www.etsy.com/market/kitsch_jewelry",
      "image": "https://i.etsystatic.com/site-assets/images/open-graph/etsylogo_1200x630.png",
      "metadata": {
        "description": "Check out our kitsch jewelry selection for the very best in unique or custom, handmade pieces from our figurines & knick knacks shops.",
        "type": "website",
        "site_name": "Etsy"
      }
    },
    {
      "title": "Shop Charm Jewelry | Gift Jewlery & Free Shipping at Kitsch – KITSCH",
      "link": "https://www.mykitsch.com/collections/charm-jewelry",
      "snippet": "By submitting this form and signing up for texts, you consent to receive marketing text messages (e.g. promos, cart reminders) from KITSCH at the number ...",
      "htmlSnippet": "By submitting this form and signing up for texts, you consent to receive marketing text messages (e.g. promos, cart reminders) from <b>KITSCH</b> at the number&nbsp;...",
      "displayLink": "www.mykitsch.com",
      "formattedUrl": "https://www.mykitsch.com/collections/charm-jewelry",
      "image": "https://www.mykitsch.com/cdn/shop/files/Group_83.png?v=1740155206&width=600",
      "metadata": {
        "description": "Shop Kitsch's Charm Jewelry collection to find the perfect accessories for any occasion. Free shipping over $35 & 90-day free returns. Get unique necklaces, earrings, bracelets, & rings!",
        "type": "website",
        "site_name": "KITSCH"
      }
    },
    {
      "title": "Kitsch Jewelry - Amazon.com",
      "link": "https://www.amazon.com/Kitsch-Jewelry/s?k=Kitsch+Jewelry",
      "snippet": "Inspire Bracelets for Women – Elastic Bracelets and Boho Hair Ties – Cute Hair Ties for Women and Hair Tie Accessories – Stylish Bracelets Boho Style for Hair ...",
      "htmlSnippet": "Inspire Bracelets for Women – Elastic Bracelets and Boho Hair Ties – Cute Hair Ties for Women and Hair Tie Accessories – Stylish Bracelets Boho Style for Hair&nbsp;...",
      "displayLink": "www.amazon.com",
      "formattedUrl": "https://www.amazon.com/Kitsch-Jewelry/s?k=Kitsch+Jewelry",
      "image": "https://m.media-amazon.com/images/G/01/social_share/amazon_logo._CB635397845_.png",
      "metadata": {
        "description": "",
        "type": "",
        "site_name": ""
      }
    },
    {
      "title": "KITSCH™ Official Site | Hair Care & Accessories",
      "link": "https://www.mykitsch.com/",
      "snippet": "Hair & Body Care — From hair accessories to bottle-free beauty, KITSCH is evolving your everyday essentials. Female-owned. Vegan & cruelty-free.",
      "htmlSnippet": "Hair &amp; Body Care — From hair accessories to bottle-free beauty, <b>KITSCH</b> is evolving your everyday essentials. Female-owned. Vegan &amp; cruelty-free.",
      "displayLink": "www.mykitsch.com",
      "formattedUrl": "https://www.mykitsch.com/",
      "image": "https://www.mykitsch.com/cdn/shop/files/63832-6745-6752-9852-60602-9487-CreativeProductShoot-Group-1280x1280px.jpg?v=1719418029&width=700",
      "metadata": {
        "description": "Hair & Body Care — From hair accessories to bottle-free beauty, KITSCH is evolving your everyday essentials. Female-owned. Vegan & cruelty-free. 90-day guarantee. Elevated accessories. Eco-friendly. Designed in California.",
        "type": "website",
        "site_name": "KITSCH"
      }
    },
    {
      "title": "Kitsch Jewelry",
      "link": "https://www.pinterest.com/ideas/kitsch-jewelry/937879348378/",
      "snippet": "Kitsch jewelry · Barbie Necklace Diy · Fairycore Keychain · Kitsch Jewelry · Sweetheart Sugar Shock Gummi Bears and Candy Drops Charm Necklace - Kitsch Kawaii - ...",
      "htmlSnippet": "<b>Kitsch jewelry</b> &middot; Barbie Necklace Diy &middot; Fairycore Keychain &middot; <b>Kitsch Jewelry</b> &middot; Sweetheart Sugar Shock Gummi Bears and Candy Drops Charm Necklace - Kitsch Kawaii -&nbsp;...",
      "displayLink": "www.pinterest.com",
      "formattedUrl": "https://www.pinterest.com/ideas/kitsch-jewelry/937879348378/",
      "image": "https://s.pinimg.com/images/default_open_graph_1200.png",
      "metadata": {
        "description": "Find and save ideas about kitsch jewelry on Pinterest.",
        "type": "website",
        "site_name": "Pinterest"
      }
    },
    {
      "title": "Unique Gifts | Creative & Kitsch Jewelry, Handbags & Accessories ...",
      "link": "https://betseyjohnson.com/collections/unique-gifts?page=2",
      "snippet": "Betsey's Kitsch collection consists of bold designs with a touch of femininity, making it the perfect starting point to finding unique gifts. Attend that ...",
      "htmlSnippet": "Betsey&#39;s <b>Kitsch</b> collection consists of bold designs with a touch of femininity, making it the perfect starting point to finding unique gifts. Attend that&nbsp;...",
      "displayLink": "betseyjohnson.com",
      "formattedUrl": "https://betseyjohnson.com/collections/unique-gifts?page=2",
      "image": "https://images.contentstack.io/v3/assets/blta2a058c4a854b514/bltb85554d22119dae7/6762f55afbbc1d8fdf09833a/2024-12-19_CollectionPage_UniqueGifts_Mobile_02.jpg",
      "metadata": {
        "description": "Explore Betsey Johnson's unique gifts collection. Find trendy and distinctive presents for every occasion. Shop now for a touch of style in your gifting!",
        "type": "website",
        "site_name": "Betsey Johnson"
      }
    },
    {
      "title": "COUTUKITSCH",
      "link": "https://www.coutukitsch.com/",
      "snippet": "JEWELRY · APPAREL · ACCESSORIES · GIFTS. TUU BY COUTUKITSCH - Calgary based jewelry studio and boutique offering a unique assortment of apparel and ...",
      "htmlSnippet": "<b>JEWELRY</b> · APPAREL · ACCESSORIES · GIFTS. TUU BY COUTUKITSCH - Calgary based <b>jewelry</b> studio and boutique offering a unique assortment of apparel and&nbsp;...",
      "displayLink": "www.coutukitsch.com",
      "formattedUrl": "https://www.coutukitsch.com/",
      "image": "http://www.coutukitsch.com/cdn/shop/files/Shopify_Store_Logo.png?v=1720106265",
      "metadata": {
        "description": "Thoughtfully curated accessories and hand-made jewelry for elevating your everyday.",
        "type": "website",
        "site_name": "COUTUKITSCH"
      }
    },
    {
      "title": "Kitsch Jewellery | Splendette",
      "link": "https://splendette.com/en-us/collections/kitsch-jewellery",
      "snippet": "Kitsch jewellery for all your retro lovers! Bright and beautiful kitsch costume jewellery with a wide range of sizes and colours available.",
      "htmlSnippet": "<b>Kitsch jewellery</b> for all your retro lovers! Bright and beautiful kitsch costume jewellery with a wide range of sizes and colours available.",
      "displayLink": "splendette.com",
      "formattedUrl": "https://splendette.com/en-us/collections/kitsch-jewellery",
      "image": "http://splendette.com/cdn/shop/collections/SPLENDETTE_SUMMER20_STACKS_LOW_RES-3_22169ea8-21cc-45d4-b1ba-68a217f685f4_1200x1200.jpg?v=1608306970",
      "metadata": {
        "description": "Kitsch jewellery for all your retro lovers! Bright and beautiful kitsch costume jewellery with a wide range of sizes and colours available. FREE UK SHIPPING OVER £40.",
        "type": "product.group",
        "site_name": "Splendette"
      }
    },
    {
      "title": "Kitschy - Handmade Acrylic Jewellery",
      "link": "https://www.kitschy.co.uk/",
      "snippet": "Funky, bright and unique statement acrylic jewellery. Laser cut with love in Dundee, Scotland, UK. Browse our full handmade range and shop online!",
      "htmlSnippet": "Funky, bright and unique statement acrylic <b>jewellery</b>. Laser cut with love in Dundee, Scotland, UK. Browse our full handmade range and shop online!",
      "displayLink": "www.kitschy.co.uk",
      "formattedUrl": "https://www.kitschy.co.uk/",
      "image": "http://static1.squarespace.com/static/6116acd1b9af434df9349b90/t/611a8fc154650b53a97a1eeb/1629130719904/2E8A39B6-5CFC-478E-924E-0F930F241DEF.PNG?format=1500w",
      "metadata": {
        "description": "Funky, bright and unique statement acrylic jewellery. Laser cut with love in Dundee, Scotland, UK. Browse our full handmade range and shop online! Est. 2019. That’s So Kitschy!",
        "type": "website",
        "site_name": "Kitschy - Handmade Acrylic Jewellery"
      }
    },
    {
      "title": "KITSCH™ Official Site | Hair Care & Accessories",
      "link": "https://www.mykitsch.com/",
      "snippet": "Hair & Body Care — From hair accessories to bottle-free beauty, KITSCH is evolving your everyday essentials. Female-owned. Vegan & cruelty-free.",
      "htmlSnippet": "Hair &amp; Body <b>Care</b> — From hair accessories to bottle-free <b>beauty</b>, <b>KITSCH</b> is evolving your everyday essentials. Female-owned. Vegan &amp; cruelty-free.",
      "displayLink": "www.mykitsch.com",
      "formattedUrl": "https://www.mykitsch.com/",
      "image": "https://www.mykitsch.com/cdn/shop/files/63832-6745-6752-9852-60602-9487-CreativeProductShoot-Group-1280x1280px.jpg?v=1719418029&width=700",
      "metadata": {
        "description": "Hair & Body Care — From hair accessories to bottle-free beauty, KITSCH is evolving your everyday essentials. Female-owned. Vegan & cruelty-free. 90-day guarantee. Elevated accessories. Eco-friendly. Designed in California.",
        "type": "website",
        "site_name": "KITSCH"
      }
    },
    {
      "title": "Kitsch - Hair Care Products: Beauty & Personal Care - Amazon.com",
      "link": "https://www.amazon.com/Hair-Care-Products-Kitsch-Beauty-Personal/s?rh=n%3A11057241%2Cp_89%3AKitsch",
      "snippet": "Online shopping for Beauty & Personal Care from a great selection of Extensions, Wigs & Accessories, Hair Accessories, Hair Cutting Tools, Styling Tools ...",
      "htmlSnippet": "Online shopping for <b>Beauty</b> &amp; Personal <b>Care</b> from a great selection of Extensions, Wigs &amp; Accessories, Hair Accessories, Hair Cutting Tools, Styling Tools&nbsp;...",
      "displayLink": "www.amazon.com",
      "formattedUrl": "https://www.amazon.com/Hair...Products-Kitsch-Beauty.../s?rh...89%3AKits...",
      "image": "https://m.media-amazon.com/images/G/01/social_share/amazon_logo._CB635397845_.png",
      "metadata": {
        "description": "",
        "type": "",
        "site_name": ""
      }
    },
    {
      "title": "Hair & Body Care from Kitsch – KITSCH",
      "link": "https://www.mykitsch.com/pages/hair-body-care-from-kitsch",
      "snippet": "Explore Kitsch's Hair & Body Care collection for natural, eco-friendly beauty solutions. From bottle-free shampoos & conditioners to hydrating body washes, ...",
      "htmlSnippet": "Explore <b>Kitsch&#39;s</b> Hair &amp; Body <b>Care</b> collection for natural, eco-friendly <b>beauty</b> solutions. From bottle-free shampoos &amp; conditioners to hydrating body washes,&nbsp;...",
      "displayLink": "www.mykitsch.com",
      "formattedUrl": "https://www.mykitsch.com/pages/hair-body-care-from-kitsch",
      "image": "https://www.mykitsch.com/cdn/shop/files/Rosemary_BiotinShampoo_Conditioner-Bundle.jpg?v=1730471668&width=700",
      "metadata": {
        "description": "Explore Kitsch's Hair & Body Care collection for natural, eco-friendly beauty solutions. From bottle-free shampoos & conditioners to hydrating body washes, our products are vegan, cruelty-free, and designed in California. 90-day guarantee.",
        "type": "website",
        "site_name": "KITSCH"
      }
    },
    {
      "title": "Honest opinions on Kitsch Shampoo and Conditioner Bars? : r ...",
      "link": "https://www.reddit.com/r/ZeroWaste/comments/1ib9zfn/honest_opinions_on_kitsch_shampoo_and_conditioner/",
      "snippet": "Jan 27, 2025 ... They also have a cap back program, where you can resend the plastic cap to be used on product again.",
      "htmlSnippet": "Jan 27, 2025 <b>...</b> They also have a cap back program, where you can resend the plastic cap to be used on <b>product</b> again.",
      "displayLink": "www.reddit.com",
      "formattedUrl": "https://www.reddit.com/.../honest_opinions_on_kitsch_shampoo_and_cond...",
      "metadata": {
        "description": "Posted by u/MelancholyManatee_ - 35 votes and 74 comments",
        "type": "website",
        "site_name": "Reddit"
      }
    },
    {
      "title": "KITSCH™ Official Site | Hair Care & Accessories",
      "link": "https://www.mykitsch.com/en-ch",
      "snippet": "Hair & Body Care — From hair accessories to bottle-free beauty, KITSCH is evolving your everyday essentials. Female-owned. Vegan & cruelty-free.",
      "htmlSnippet": "Hair &amp; Body <b>Care</b> — From hair accessories to bottle-free <b>beauty</b>, <b>KITSCH</b> is evolving your everyday essentials. Female-owned. Vegan &amp; cruelty-free.",
      "displayLink": "www.mykitsch.com",
      "formattedUrl": "https://www.mykitsch.com/en-ch",
      "image": "https://www.mykitsch.com/cdn/shop/files/63832-SelfDrainingSoapDish-BottleFreeBeauty-Terracotta-1280x1280px-72dpi_1.jpg?v=1710235522&width=700",
      "metadata": {
        "description": "Hair & Body Care — From hair accessories to bottle-free beauty, KITSCH is evolving your everyday essentials. Female-owned. Vegan & cruelty-free. 90-day guarantee. Elevated accessories. Eco-friendly. Designed in California.",
        "type": "website",
        "site_name": "KITSCH"
      }
    },
    {
      "title": "Amazon.com: Kitsch Ice Roller for Face | Self Care Gifts for Women",
      "link": "https://www.amazon.com/Kitsch-Roller-Stainless-Facial-Cooling/dp/B07VHCNHF6",
      "snippet": "COOLING FACIAL: This stainless steel face ice roller soothes puffiness, sore muscles, and headaches. It promotes blood flow for a refreshed, youthful glow.",
      "htmlSnippet": "COOLING FACIAL: This stainless steel face ice roller soothes puffiness, sore muscles, and headaches. It promotes blood flow for a refreshed, youthful glow.",
      "displayLink": "www.amazon.com",
      "formattedUrl": "https://www.amazon.com/Kitsch-Roller-Stainless-Facial.../B07VHCNHF6",
      "image": "https://m.media-amazon.com/images/I/41jd4Np0tTL.jpg_BO30,255,255,255_UF900,850_SR1910,1000,0,C_PIRIOFOURANDHALF-medium,BottomLeft,30,-20_ZA2%252C553,500,900,420,420,AmazonEmber,50,4,0,0_QL100_.jpg",
      "metadata": {
        "description": "Soothe and refresh your skin with the Kitsch Ice Face Roller. Made with stainless steel, this cold roller for face and eye helps reduce puffiness, calm inflammation, and tighten pores.\n\n Use it on your cheeks, jawline, under-eyes, or temples to ease tension and headaches. Keep it in the freezer f...",
        "type": "product",
        "site_name": ""
      }
    },
    {
      "title": "All Products – KITSCH",
      "link": "https://www.mykitsch.com/collections/all-products",
      "snippet": "Facial & Skin Tools · Shave & Razors. Collections. Self-Care · Body-Care. Refresh and Hydrate your Skin. shop body wash · Collections · HAIR CARE · HAIR CARE ...",
      "htmlSnippet": "Facial &amp; Skin Tools &middot; Shave &amp; Razors. Collections. Self-<b>Care</b> &middot; Body-<b>Care</b>. Refresh and Hydrate your Skin. shop body wash &middot; Collections &middot; HAIR <b>CARE</b> &middot; HAIR <b>CARE</b>&nbsp;...",
      "displayLink": "www.mykitsch.com",
      "formattedUrl": "https://www.mykitsch.com/collections/all-products",
      "image": "https://www.mykitsch.com/cdn/shop/files/BFB-riceWaterProtein_shampoo-5StarReview-819677026745-3000x3000px.jpg?v=1742483350&width=700",
      "metadata": {
        "description": "Hair & Body Care — From hair accessories to bottle-free beauty, KITSCH is evolving your everyday essentials. Female-owned. Vegan & cruelty-free. 90-day guarantee. Elevated accessories. Eco-friendly. Designed in California.",
        "type": "website",
        "site_name": "KITSCH"
      }
    },
    {
      "title": "Kitsch - 160 Products | Ulta Beauty",
      "link": "https://www.ulta.com/brand/kitsch",
      "snippet": "160 results · Kitsch Hair Perfume · Kitsch Satin Pillowcase · Kitsch Eco-Friendly Nylon Elastics · Kitsch Pro Dermaplaning Tool · Kitsch Adjustable Oversized ...",
      "htmlSnippet": "160 results &middot; <b>Kitsch</b> Hair Perfume &middot; <b>Kitsch</b> Satin Pillowcase &middot; <b>Kitsch</b> Eco-Friendly Nylon Elastics &middot; <b>Kitsch</b> Pro Dermaplaning Tool &middot; <b>Kitsch</b> Adjustable Oversized&nbsp;...",
      "displayLink": "www.ulta.com",
      "formattedUrl": "https://www.ulta.com/brand/kitsch",
      "image": "https://media.ulta.com/i/ulta/kitsch_bn_m?w=1200&fmt=auto",
      "metadata": {
        "description": "Shop Kitsch at Ulta Beauty. Free Shipping Offers & Free Store Pickup Available Same Day. Join ULTAmate Rewards To Earn Points.",
        "type": "",
        "site_name": ""
      }
    },
    {
      "title": "Kitsch : Hair Care : Target",
      "link": "https://www.target.com/c/hair-care-beauty/kitsch/-/N-5xu0kZq643leatp7e",
      "snippet": "Kitsch : Hair Care · Shampoo & Conditioner · Hair Tools · Hair Styling Products · Textured Hair Care · Clean Hair Care · Hair Brushes & Combs · Salon Hair Care.",
      "htmlSnippet": "<b>Kitsch</b> : Hair <b>Care</b> &middot; Shampoo &amp; Conditioner &middot; Hair Tools &middot; Hair Styling <b>Products</b> &middot; Textured Hair <b>Care</b> &middot; Clean Hair <b>Care</b> &middot; Hair Brushes &amp; Combs &middot; Salon Hair <b>Care</b>.",
      "displayLink": "www.target.com",
      "formattedUrl": "https://www.target.com/c/hair-care-beauty/kitsch/-/N-5xu0kZq643leatp7e",
      "image": "https://target.scene7.com/is/image/Target/GUEST_2a362ff9-d6c1-4443-8ecd-e47d615554c1",
      "metadata": {
        "description": "Shop Target for hair care essentials & beauty supplies from top brands like Conair, SheaMoisture & Function of Beauty. Free shipping on orders $35+",
        "type": "product.group",
        "site_name": ""
      }
    },
    {
      "title": "Kitsch (@mykitsch) • Instagram photos and videos",
      "link": "https://www.instagram.com/mykitsch/?hl=en",
      "snippet": "✨ Intentional Basics - Easy Beauty Consciously Created ✍ @forbes @allure @vogue & more Everyday self-care moments #mykitsch · Air Dry Cream's profile picture.",
      "htmlSnippet": "✨ Intentional Basics - Easy <b>Beauty</b> Consciously Created ✍   @forbes @allure @vogue &amp; more Everyday self-<b>care</b> moments #mykitsch &middot; Air Dry Cream&#39;s profile picture.",
      "displayLink": "www.instagram.com",
      "formattedUrl": "https://www.instagram.com/mykitsch/?hl=en",
      "image": "https://lookaside.instagram.com/seo/google_widget/crawler/?media_id=3247605919793106496",
      "metadata": {
        "description": "1M Followers, 3,029 Following, 4,079 Posts - See Instagram photos and videos from Kitsch (@mykitsch)",
        "type": "profile",
        "site_name": ""
      }
    },
    {
      "title": "Kitsch Satin Scrunchies for Women - No Crease Hair ... - Amazon.com",
      "link": "https://www.amazon.com/Kitsch-Assorted-Satin-Sleep-Scrunchies/dp/B08PDZM5QF",
      "snippet": "Customers find these scrunchies to be of good quality, with a satin material that's gentle on hair and provides a secure hold that stays in place even overnight ...",
      "htmlSnippet": "Customers find these <b>scrunchies</b> to be of good quality, with a satin material that&#39;s gentle on hair and provides a secure hold that stays in place even overnight&nbsp;...",
      "displayLink": "www.amazon.com",
      "formattedUrl": "https://www.amazon.com/Kitsch-Assorted...Scrunchies/dp/B08PDZM5QF",
      "image": "https://m.media-amazon.com/images/I/71WcWMJGC2L._UF1000,1000_QL80_.jpg",
      "metadata": {
        "description": "silk scrunchies for women silk scrunchies for curly hair silk hair scrunchie silk scrunchy for hair satin scrunchies for hair satin hair scrunchie hair ties silk satin giant black scrunchies for women satin silk scrunchies for hair sleep satin scrunchies for hair sleep satin scrunchies for curly ...",
        "type": "product",
        "site_name": ""
      }
    },
    {
      "title": "Satin Sleep Scrunchies 5pc Set – KITSCH",
      "link": "https://www.mykitsch.com/products/assorted-satin-sleep-scrunchies",
      "snippet": "Their satin construction won't crimp or agitate your strands while you sleep, allowing you to wake up frizz-free and ready to take on the day!",
      "htmlSnippet": "Their satin construction won&#39;t crimp or agitate your strands while you sleep, allowing you to wake up frizz-free and ready to take on the day!",
      "displayLink": "www.mykitsch.com",
      "formattedUrl": "https://www.mykitsch.com/products/assorted-satin-sleep-scrunchies",
      "image": "http://www.mykitsch.com/cdn/shop/files/5427-SatinScrunchies-Sleep-Assorted-hero-1280x1280px.jpg?v=1709727588",
      "metadata": {
        "description": "Protect your hair while you sleep with our Assorted Satin Sleep Scrunchies. Made with high-quality satin, these scrunchies create a friction-free barrier to reduce breakage, tangles, and hair thinning. Plus, enjoy free shipping on orders over $35! With a variety of colors to choose from, these scrunchies will keep your hair looking stylish and healthy all night long. Shop now and wake up to beautiful hair every day!",
        "type": "product",
        "site_name": "KITSCH"
      }
    },
    {
      "title": "Kitsch Assorted Satin Sleep Hair Scrunchies - 5ct : Target",
      "link": "https://www.target.com/p/kitsch-assorted-satin-sleep-hair-scrunchies-5ct/-/A-89382325",
      "snippet": "These satin scrunchies are gentle on your strands, prevent creasing, and help reduce breakage when you pull your hair up.",
      "htmlSnippet": "These satin <b>scrunchies</b> are gentle on your strands, prevent creasing, and help reduce breakage when you pull your hair up.",
      "displayLink": "www.target.com",
      "formattedUrl": "https://www.target.com/p/kitsch-assorted-satin...scrunchies.../-/A-89382325",
      "image": "https://target.scene7.com/is/image/Target/GUEST_7f1661f4-d59b-4b48-94b5-1e922a55a683",
      "metadata": {
        "description": "Read reviews and buy Kitsch Assorted Satin Sleep Hair Scrunchies - 5ct at Target. Choose from contactless Same Day Delivery, Drive Up and more.",
        "type": "product",
        "site_name": ""
      }
    },
    {
      "title": "Scrunchies | KITSCH: Designer Hair Products Online",
      "link": "https://www.mykitsch.com/collections/scrunchies",
      "snippet": "Scrunchies - Worn by your favorite celebrities, KITSCH's range of scrunchies is perfect for all hair types. Shop online & receive free shipping on orders ...",
      "htmlSnippet": "<b>Scrunchies</b> - Worn by your favorite celebrities, <b>KITSCH&#39;s</b> range of <b>scrunchies</b> is perfect for all hair types. Shop online &amp; receive free shipping on orders&nbsp;...",
      "displayLink": "www.mykitsch.com",
      "formattedUrl": "https://www.mykitsch.com/collections/scrunchies",
      "image": "https://www.mykitsch.com/cdn/shop/files/0893-Microfiber-TowelScrunchies-Cleanse-MicroDot-hero-1280x1280px.jpg?v=1709639733&width=700",
      "metadata": {
        "description": "Scrunchies - Worn by your favorite celebrities, KITSCH's range of scrunchies is perfect for all hair types. Shop online & receive free shipping on orders over $35.",
        "type": "website",
        "site_name": "KITSCH"
      }
    },
    {
      "title": "SB x Kitsch Limited Edition Scrunchie Set | Sun Bum",
      "link": "https://www.sunbum.com/products/sb-x-kitsch-scrunchie-set",
      "snippet": "Made with our friends over at Kitsch, we bring you this Limited Edition 3-piece Scrunchie Set. Because we can never have too many scrunchies.",
      "htmlSnippet": "Made with our friends over at <b>Kitsch</b>, we bring you this Limited Edition 3-piece <b>Scrunchie</b> Set. Because we can never have too many <b>scrunchies</b>.",
      "displayLink": "www.sunbum.com",
      "formattedUrl": "https://www.sunbum.com/products/sb-x-kitsch-scrunchie-set",
      "image": "https://cdn.shopify.com/s/files/1/0053/1798/4323/files/1_SB_USA_HAIR_Merch_Scrunchies_Front_2000x2400_PDP_NOCROP_PDP.jpg?v=1746725091",
      "metadata": {
        "description": "",
        "type": "",
        "site_name": ""
      }
    },
    {
      "title": "Hair Ties & Scrunchies – KITSCH",
      "link": "https://www.mykitsch.com/collections/hair-ties-scrunchies",
      "snippet": "New! Cherry Blossom Ruched Satin Scrunchies 5pc Set. 4.9. Rated 4.9 out of 5 stars. 2,088 Reviews. Regular price $10.00. Unit price / per · Garden Bouquet Cloud ...",
      "htmlSnippet": "New! Cherry Blossom Ruched Satin <b>Scrunchies</b> 5pc Set. 4.9. Rated 4.9 out of 5 stars. 2,088 Reviews. Regular price $10.00. Unit price / per &middot; Garden Bouquet Cloud&nbsp;...",
      "displayLink": "www.mykitsch.com",
      "formattedUrl": "https://www.mykitsch.com/collections/hair-ties-scrunchies",
      "image": "https://www.mykitsch.com/cdn/shop/files/68882-CloudScrunchies-3pc-Hair-GardenBouquet-hero-1280x1280px.jpg?v=1742317733&width=700",
      "metadata": {
        "description": "Hair & Body Care — From hair accessories to bottle-free beauty, KITSCH is evolving your everyday essentials. Female-owned. Vegan & cruelty-free. 90-day guarantee. Elevated accessories. Eco-friendly. Designed in California.",
        "type": "website",
        "site_name": "KITSCH"
      }
    },
    {
      "title": "Kitsch - Black Satin Sleep Hair Scrunchies | Ulta Beauty",
      "link": "https://www.ulta.com/p/black-satin-sleep-hair-scrunchies-xlsImpprod17771855?sku=2522339",
      "snippet": "Sep 10, 2023 ... Kitsch Black Satin Sleep Scrunchies are your newest nighttime necessity to create a gentle, frictionless ponytail while you sleep.",
      "htmlSnippet": "Sep 10, 2023 <b>...</b> <b>Kitsch</b> Black Satin Sleep <b>Scrunchies</b> are your newest nighttime necessity to create a gentle, frictionless ponytail while you sleep.",
      "displayLink": "www.ulta.com",
      "formattedUrl": "https://www.ulta.com/.../black-satin-sleep-hair-scrunchies-xlsImpprod1777...",
      "image": "https://media.ulta.com/i/ulta/2522339?w=500&h=500",
      "metadata": {
        "description": "Free Shipping at $35. Shop  Black Satin Sleep Hair Scrunchies  Kitsch",
        "type": "",
        "site_name": ""
      }
    },
    {
      "title": "Shop Scrunchies from KITSCH | Free Shipping Over $30 | 90 Day ...",
      "link": "https://www.mykitsch.com/collections/scrunchies-11",
      "snippet": "Shop Kitsch's stunning and lively selection of scrunchies! Whether you're searching for a cute and sparkling scrunchie to add some shine to your look, ...",
      "htmlSnippet": "Shop <b>Kitsch&#39;s</b> stunning and lively selection of <b>scrunchies</b>! Whether you&#39;re searching for a cute and sparkling <b>scrunchie</b> to add some shine to your look,&nbsp;...",
      "displayLink": "www.mykitsch.com",
      "formattedUrl": "https://www.mykitsch.com/collections/scrunchies-11",
      "image": "https://www.mykitsch.com/cdn/shop/files/61227-BarbiexKitsch-SatinBrunchScrunchies-2pc-pkg-1280x1280px_ac622764-89d5-42f6-8b41-8186e8c0ece3.jpg?v=1687819286&width=700",
      "metadata": {
        "description": "Shop Kitsch's stunning and lively selection of scrunchies! Whether you're searching for a cute and sparkling scrunchie to add some shine to your look, or something more minimal but still eye-catching, Kitsch has you covered. Plus, get free shipping on orders $35+!",
        "type": "website",
        "site_name": "KITSCH"
      }
    },
    {
      "title": "Kitsch Assorted Satin Sleep Scrunchies, Assorted Colors, 5 CT ...",
      "link": "https://www.cvs.com/shop/kitsch-assorted-satin-sleep-scrunchies-assorted-colors-5-ct-prodid-65029",
      "snippet": "KITSCH Sleep Scrunchies are your newest nighttime necessity! Their satin construction won't crimp or agitate your strands while you sleep.",
      "htmlSnippet": "<b>KITSCH</b> Sleep <b>Scrunchies</b> are your newest nighttime necessity! Their satin construction won&#39;t crimp or agitate your strands while you sleep.",
      "displayLink": "www.cvs.com",
      "formattedUrl": "https://www.cvs.com/.../kitsch-assorted-satin-sleep-scrunchies-assorted-colo...",
      "image": "https://www.cvs.com/bizcontent/merchandising/productimages/high_res/819677025427.jpg?im=Resize=(300,300),aspect=ignore",
      "metadata": {
        "description": "Shop Kitsch Assorted Satin Sleep Scrunchies, Assorted Colors, 5 CT at CVS Pharmacy and enjoy FREE shipping on all eligible orders.",
        "type": "Product",
        "site_name": "CVS Pharmacy"
      }
    },
    {
      "title": "Charcoal & Gold Satin Pillow Scrunchies 2pc Set – KITSCH",
      "link": "https://www.mykitsch.com/products/satin-sleep-pillow-scrunchies-charcoal-gold",
      "snippet": "The plush satin material won't crimp or agitate your strands while you sleep, allowing you to wake up frizz-free and ready to take on the day!",
      "htmlSnippet": "The plush satin material won&#39;t crimp or agitate your strands while you sleep, allowing you to wake up frizz-free and ready to take on the day!",
      "displayLink": "www.mykitsch.com",
      "formattedUrl": "https://www.mykitsch.com/.../satin-sleep-pillow-scrunchies-charcoal-gold",
      "image": "http://www.mykitsch.com/cdn/shop/files/5670-SatinPillowScrunchies-Charcoal_Gold-hero-1280x1280px.jpg?v=1709727626",
      "metadata": {
        "description": "Elevate your beauty sleep with our Satin Sleep Pillow Scrunchies in Black/Gold. Made from premium satin material, these scrunchies help reduce hair breakage and minimize frizz while you sleep. Get ready for a good night's rest and wake up with silky-smooth hair. Order now and add a touch of elegance to your bedtime routine!",
        "type": "product",
        "site_name": "KITSCH"
      }
    },
    {
      "title": "Shop Headbands | KITSCH Eco-Friendly Hair Accessories with Free ...",
      "link": "https://www.mykitsch.com/collections/headbands",
      "snippet": "Add a touch of glamour to your look with KITSCH's range of fashionable headbands. Enjoy free shipping on orders over $35 and 90 day free returns.",
      "htmlSnippet": "Add a touch of glamour to your look with <b>KITSCH&#39;s</b> range of fashionable <b>headbands</b>. Enjoy free shipping on orders over $35 and 90 day free returns.",
      "displayLink": "www.mykitsch.com",
      "formattedUrl": "https://www.mykitsch.com/collections/headbands",
      "image": "https://www.mykitsch.com/cdn/shop/files/501611-RecycledFabricActiveHeadbands-3pc-Hair-Sedona-Model-1280x1280px.jpg?v=1742320375&width=700",
      "metadata": {
        "description": "Add a touch of glamour to your look with KITSCH's range of fashionable headbands. Enjoy free shipping on orders over $35 and 90 day free returns. Shop now and make a statement!",
        "type": "website",
        "site_name": "KITSCH"
      }
    },
    {
      "title": "Kitsch Zig Zag Headbands for Women Non Slip ... - Amazon.com",
      "link": "https://www.amazon.com/Kitsch-Zig-Zag-Headbands-Recycled/dp/B0BNSF38C9",
      "snippet": "SLEEK & SECURE STYLING FOR ALL-DAY WEAR: Achieve effortless slicked-back looks with our zig zag design that hugs your head without slipping. Each headband ...",
      "htmlSnippet": "SLEEK &amp; SECURE STYLING FOR ALL-DAY WEAR: Achieve effortless slicked-back looks with our zig zag design that hugs your head without slipping. Each <b>headband</b>&nbsp;...",
      "displayLink": "www.amazon.com",
      "formattedUrl": "https://www.amazon.com/Kitsch-Zig-Zag-Headbands.../dp/B0BNSF38C9",
      "image": "https://m.media-amazon.com/images/I/416KgTHgbLL.jpg_BO30,255,255,255_UF900,850_SR1910,1000,0,C_PIRIOFOUR-medium,BottomLeft,30,-20_ZA2%252C634,500,900,420,420,AmazonEmber,50,4,0,0_QL100_.jpg",
      "metadata": {
        "description": "Headbands made for you! Tired of finding the perfect hair band to rock that brush up, or clean hair look? Do you want to look good, and all the while feel good about the environment? Well, we have the hairband just for you. Introducing our eco-friendly zig zag hair bands, suitable for both men an...",
        "type": "product",
        "site_name": ""
      }
    },
    {
      "title": "Zig Zag Headband 2pc- Black & Tort – KITSCH",
      "link": "https://www.mykitsch.com/products/zig-zag-headband-2pc-black-and-tort",
      "snippet": "Shop Kitsch's Tort Headband 2pc in black and tortoise for a sustainable and stylish accessory. These eco-friendly headbands are made with recycled plastic ...",
      "htmlSnippet": "Shop <b>Kitsch&#39;s</b> Tort <b>Headband</b> 2pc in black and tortoise for a sustainable and stylish accessory. These eco-friendly <b>headbands</b> are made with recycled plastic&nbsp;...",
      "displayLink": "www.mykitsch.com",
      "formattedUrl": "https://www.mykitsch.com/products/zig-zag-headband-2pc-black-and-tort",
      "image": "http://www.mykitsch.com/cdn/shop/files/60145-RecycledPlastic-ZigZagHeadband-2pc-Hair-Black_Tort-3-1280x1280px.jpg?v=1726002137",
      "metadata": {
        "description": "Shop Kitsch's Tort Headband 2pc in black and tortoise for a sustainable and stylish accessory. These eco-friendly headbands are made with recycled plastic and provide a comfortable non-slip grip. Enjoy free shipping on orders over $35.",
        "type": "product",
        "site_name": "KITSCH"
      }
    },
    {
      "title": "Kitsch - Headbands - 7 Products | Ulta Beauty",
      "link": "https://www.ulta.com/brand/kitsch?category=tools-brushes%2Caccessories%2Cheadbands",
      "snippet": "Shop Kitsch Headbands at Ulta Beauty. Free Shipping Offers & Free Store Pickup Available Same Day. Join Ulta Beauty Rewards To Earn Points.",
      "htmlSnippet": "Shop <b>Kitsch Headbands</b> at Ulta Beauty. Free Shipping Offers &amp; Free Store Pickup Available Same Day. Join Ulta Beauty Rewards To Earn Points.",
      "displayLink": "www.ulta.com",
      "formattedUrl": "https://www.ulta.com/brand/kitsch?...brushes%2Caccessories%2Cheadbands",
      "metadata": {
        "description": "Shop Kitsch Headbands at Ulta Beauty. Free Shipping Offers & Free Store Pickup Available Same Day. Join ULTAmate Rewards To Earn Points.",
        "type": "",
        "site_name": ""
      }
    },
    {
      "title": "Zigzag recycled plastic headbands Set of 2 | Kitsch | Shop Hair ...",
      "link": "https://www.simons.com/en/women-accessories/hair-accessories/headbands/zigzag-recycled-plastic-headbands-set-of-2--11958-52311",
      "snippet": "Kitsch at Simons- Chic matte finish- Recycled plastic- Set of 2 per package- Designed in Los Angeles- Length: 1\" (2,5 mm)",
      "htmlSnippet": "<b>Kitsch</b> at Simons- Chic matte finish- Recycled plastic- Set of 2 per package- Designed in Los Angeles- Length: 1&quot; (2,5 mm)",
      "displayLink": "www.simons.com",
      "formattedUrl": "https://www.simons.com/.../headbands/zigzag-recycled-plastic-headbands-s...",
      "image": "https://imagescdn.simons.ca/images/11958-52311-1-A1_3/zigzag-recycled-plastic-headbands-set-of-2.jpg?__=1",
      "metadata": {
        "description": "- Kitsch at Simons- Chic matte finish- Recycled plastic- Set of 2 per package- Designed in Los Angeles- Length: 1\" (2,5 mm)",
        "type": "product.item",
        "site_name": "La Maison Simons"
      }
    },
    {
      "title": "Kitsch Spa Headband : Target",
      "link": "https://www.target.com/p/kitsch-spa-headband/-/A-87861476",
      "snippet": "Transport yourself to the most luxurious spa with the Kitsch Ultra Soft Microfiber Headband. Perfect for face washing, makeup application, or letting your ...",
      "htmlSnippet": "Transport yourself to the most luxurious spa with the <b>Kitsch</b> Ultra Soft Microfiber <b>Headband</b>. Perfect for face washing, makeup application, or letting your&nbsp;...",
      "displayLink": "www.target.com",
      "formattedUrl": "https://www.target.com/p/kitsch-spa-headband/-/A-87861476",
      "image": "https://target.scene7.com/is/image/Target/GUEST_7cd13cad-c522-4dc1-b0f0-d3fefff4bec9",
      "metadata": {
        "description": "Read reviews and buy Kitsch Spa Headband at Target. Choose from contactless Same Day Delivery, Drive Up and more.",
        "type": "product",
        "site_name": ""
      }
    },
    {
      "title": "Recycled plastic leopard headband | Kitsch | Shop Hair Wraps and ...",
      "link": "https://www.simons.com/en/women-accessories/hair-accessories/headbands/recycled-plastic-leopard-headband--11958-52430",
      "snippet": "This product meets the requirements of our Vision program because it comes from a circular production process or contains at least 50% reduced-impact materials.",
      "htmlSnippet": "This product meets the requirements of our Vision program because it comes from a circular production process or contains at least 50% reduced-impact materials.",
      "displayLink": "www.simons.com",
      "formattedUrl": "https://www.simons.com/.../headbands/recycled-plastic-leopard-headband--...",
      "image": "https://imagescdn.simons.ca/images/11958-52430-29-A1_3/recycled-plastic-leopard-headband.jpg?__=1",
      "metadata": {
        "description": "- Kitsch at Simons- Recycled plastic- Designed in Los Angeles- Width: 1.25\" (3 cm)",
        "type": "product.item",
        "site_name": "La Maison Simons"
      }
    },
    {
      "title": "Kitsch - Zigzag Headbands | Ulta Beauty",
      "link": "https://www.ulta.com/p/zigzag-headbands-pimprod2036321?sku=2603749",
      "snippet": "The chic design features long, wavy teeth for a comfortable non-slip grip and stylish way to create slicked back looks with ease.",
      "htmlSnippet": "The chic design features long, wavy teeth for a comfortable non-slip grip and stylish way to create slicked back looks with ease.",
      "displayLink": "www.ulta.com",
      "formattedUrl": "https://www.ulta.com/p/zigzag-headbands-pimprod2036321?sku=2603749",
      "image": "https://media.ulta.com/i/ulta/2603749?w=500&h=500",
      "metadata": {
        "description": "Free Shipping at $35. Shop  Zigzag Headbands  Kitsch",
        "type": "",
        "site_name": ""
      }
    },
    {
      "title": "Kitsch Headbands in Hair Accessories - Walmart.com",
      "link": "https://www.walmart.com/browse/beauty/headbands/kitsch/1085666_3147628_9459711_9236806/YnJhbmQ6S2l0c2No",
      "snippet": "Shop for Kitsch Headbands in Hair Accessories at Walmart and save.",
      "htmlSnippet": "Shop for <b>Kitsch Headbands</b> in Hair Accessories at Walmart and save.",
      "displayLink": "www.walmart.com",
      "formattedUrl": "https://www.walmart.com/.../headbands/kitsch/.../YnJhbmQ6S2l0c2No",
      "image": "https://i5.walmartimages.com/seo/Kitsch-Spa-Headband-Microfiber-Makeup-Headband-for-Washing-Face-in-White_6654fd0f-2e4f-4317-aa2c-a77120303850.8e8ee2dd4f07fc435ae83b902329b55a.jpeg?odnHeight=180&odnWidth=180&odnBg=FFFFFF",
      "metadata": {
        "description": "Shop for Kitsch Headbands in Hair Accessories at Walmart and save.",
        "type": "Website",
        "site_name": "Walmart.com"
      }
    },
    {
      "title": "Buy Kitsch Zig-Zag Headband Set | Sephora Singapore",
      "link": "https://www.sephora.sg/products/kitsch-zig-zag-headband-set",
      "snippet": "The chic design features long, wavy teeth for a comfortable non-slip grip and stylish way to create slicked-back looks with ease.",
      "htmlSnippet": "The chic design features long, wavy teeth for a comfortable non-slip grip and stylish way to create slicked-back looks with ease.",
      "displayLink": "www.sephora.sg",
      "formattedUrl": "https://www.sephora.sg/products/kitsch-zig-zag-headband-set",
      "image": "https://image-optimizer-reg.production.sephora-asia.net/images/product_images/closeup_1_Product_810112560459-Kitsch-Zig-Zag-Headband-Set-Neutral_27496cd2004b464d8790d5a7387bab815cd7b522_1670484400.png",
      "metadata": {
        "description": "",
        "type": "product",
        "site_name": "Sephora"
      }
    }
  ]
}